../MUSIC_dataset/data/solo/audio/xylophone/c-Yr5qyCefA.mp3,../MUSIC_dataset/data/solo/frames/xylophone/c-Yr5qyCefA.mp4,1222
../MUSIC_dataset/data/solo/audio/flute/YR6kjiPyNHU.mp3,../MUSIC_dataset/data/solo/frames/flute/YR6kjiPyNHU.mp4,1258
../MUSIC_dataset/data/solo/audio/flute/9L4BvIDqhm8.mp3,../MUSIC_dataset/data/solo/frames/flute/9L4BvIDqhm8.mp4,846
../MUSIC_dataset/data/solo/audio/accordion/Z_yNLFYjpsY.mp3,../MUSIC_dataset/data/solo/frames/accordion/Z_yNLFYjpsY.mp4,845
../MUSIC_dataset/data/solo/audio/cello/FntHqAlD1S0.mp3,../MUSIC_dataset/data/solo/frames/cello/FntHqAlD1S0.mp4,1113
../MUSIC_dataset/data/solo/audio/clarinet/focoWBYg16w.mp3,../MUSIC_dataset/data/solo/frames/clarinet/focoWBYg16w.mp4,1194
../MUSIC_dataset/data/solo/audio/clarinet/ZXz0cVq_RTI.mp3,../MUSIC_dataset/data/solo/frames/clarinet/ZXz0cVq_RTI.mp4,492
../MUSIC_dataset/data/solo/audio/trumpet/eCQO6k5Qrmg.mp3,../MUSIC_dataset/data/solo/frames/trumpet/eCQO6k5Qrmg.mp4,509
../MUSIC_dataset/data/solo/audio/xylophone/Sw8346DYwME.mp3,../MUSIC_dataset/data/solo/frames/xylophone/Sw8346DYwME.mp4,542
../MUSIC_dataset/data/solo/audio/acoustic_guitar/DvbeXXoraro.mp3,../MUSIC_dataset/data/solo/frames/acoustic_guitar/DvbeXXoraro.mp4,1159
../MUSIC_dataset/data/solo/audio/trumpet/889Kxn_RYzo.mp3,../MUSIC_dataset/data/solo/frames/trumpet/889Kxn_RYzo.mp4,194
../MUSIC_dataset/data/solo/audio/erhu/JEDgAVcR_yE.mp3,../MUSIC_dataset/data/solo/frames/erhu/JEDgAVcR_yE.mp4,315
../MUSIC_dataset/data/solo/audio/accordion/yn1NaZWN_qQ.mp3,../MUSIC_dataset/data/solo/frames/accordion/yn1NaZWN_qQ.mp4,651
../MUSIC_dataset/data/solo/audio/violin/lp4_79ooAQo.mp3,../MUSIC_dataset/data/solo/frames/violin/lp4_79ooAQo.mp4,766
../MUSIC_dataset/data/solo/audio/saxophone/LqyX7bRrMTw.mp3,../MUSIC_dataset/data/solo/frames/saxophone/LqyX7bRrMTw.mp4,851
../MUSIC_dataset/data/solo/audio/acoustic_guitar/9bEbuj4Qb3I.mp3,../MUSIC_dataset/data/solo/frames/acoustic_guitar/9bEbuj4Qb3I.mp4,694
../MUSIC_dataset/data/solo/audio/violin/41b8GUEx-OM.mp3,../MUSIC_dataset/data/solo/frames/violin/41b8GUEx-OM.mp4,1080
../MUSIC_dataset/data/solo/audio/tuba/6pkShdDe9LU.mp3,../MUSIC_dataset/data/solo/frames/tuba/6pkShdDe9LU.mp4,166
../MUSIC_dataset/data/solo/audio/trumpet/zhaLSfnahL0.mp3,../MUSIC_dataset/data/solo/frames/trumpet/zhaLSfnahL0.mp4,472
../MUSIC_dataset/data/solo/audio/violin/l7LptHCRkQU.mp3,../MUSIC_dataset/data/solo/frames/violin/l7LptHCRkQU.mp4,1774
../MUSIC_dataset/data/solo/audio/acoustic_guitar/PA8DVnECfh0.mp3,../MUSIC_dataset/data/solo/frames/acoustic_guitar/PA8DVnECfh0.mp4,1509
../MUSIC_dataset/data/solo/audio/acoustic_guitar/IPsA3sz934M.mp3,../MUSIC_dataset/data/solo/frames/acoustic_guitar/IPsA3sz934M.mp4,1530
../MUSIC_dataset/data/solo/audio/clarinet/IZx6ZXWuOGY.mp3,../MUSIC_dataset/data/solo/frames/clarinet/IZx6ZXWuOGY.mp4,957
../MUSIC_dataset/data/solo/audio/flute/eHbxLcoLWYY.mp3,../MUSIC_dataset/data/solo/frames/flute/eHbxLcoLWYY.mp4,702
../MUSIC_dataset/data/solo/audio/violin/9g20WQ0WHn0.mp3,../MUSIC_dataset/data/solo/frames/violin/9g20WQ0WHn0.mp4,894
../MUSIC_dataset/data/solo/audio/clarinet/W9ZICrM6V-s.mp3,../MUSIC_dataset/data/solo/frames/clarinet/W9ZICrM6V-s.mp4,364
../MUSIC_dataset/data/solo/audio/violin/pWGLb57zbz8.mp3,../MUSIC_dataset/data/solo/frames/violin/pWGLb57zbz8.mp4,1176
../MUSIC_dataset/data/solo/audio/tuba/aerJoJj--HU.mp3,../MUSIC_dataset/data/solo/frames/tuba/aerJoJj--HU.mp4,1159
../MUSIC_dataset/data/solo/audio/acoustic_guitar/1OsOEt5Qpfc.mp3,../MUSIC_dataset/data/solo/frames/acoustic_guitar/1OsOEt5Qpfc.mp4,1249
../MUSIC_dataset/data/solo/audio/acoustic_guitar/At63FPRHLAo.mp3,../MUSIC_dataset/data/solo/frames/acoustic_guitar/At63FPRHLAo.mp4,1756
../MUSIC_dataset/data/solo/audio/acoustic_guitar/HaX5E66eW24.mp3,../MUSIC_dataset/data/solo/frames/acoustic_guitar/HaX5E66eW24.mp4,1282
../MUSIC_dataset/data/solo/audio/trumpet/2V12S02E2Jc.mp3,../MUSIC_dataset/data/solo/frames/trumpet/2V12S02E2Jc.mp4,637
../MUSIC_dataset/data/solo/audio/violin/H-j5lp2QjEE.mp3,../MUSIC_dataset/data/solo/frames/violin/H-j5lp2QjEE.mp4,829
../MUSIC_dataset/data/solo/audio/flute/qb-ttddKLYo.mp3,../MUSIC_dataset/data/solo/frames/flute/qb-ttddKLYo.mp4,168
../MUSIC_dataset/data/solo/audio/accordion/7G6QVPCHv6Q.mp3,../MUSIC_dataset/data/solo/frames/accordion/7G6QVPCHv6Q.mp4,1412
../MUSIC_dataset/data/solo/audio/tuba/S9ES30JJTZc.mp3,../MUSIC_dataset/data/solo/frames/tuba/S9ES30JJTZc.mp4,488
../MUSIC_dataset/data/solo/audio/acoustic_guitar/MhNjhYrEbrc.mp3,../MUSIC_dataset/data/solo/frames/acoustic_guitar/MhNjhYrEbrc.mp4,1492
../MUSIC_dataset/data/solo/audio/cello/M3YZEmQyt6c.mp3,../MUSIC_dataset/data/solo/frames/cello/M3YZEmQyt6c.mp4,1666
../MUSIC_dataset/data/solo/audio/violin/TOLoplXKr7U.mp3,../MUSIC_dataset/data/solo/frames/violin/TOLoplXKr7U.mp4,1091
../MUSIC_dataset/data/solo/audio/saxophone/fH4pDr8CqI8.mp3,../MUSIC_dataset/data/solo/frames/saxophone/fH4pDr8CqI8.mp4,1172
../MUSIC_dataset/data/solo/audio/cello/4Oy5VmaacaI.mp3,../MUSIC_dataset/data/solo/frames/cello/4Oy5VmaacaI.mp4,1207
../MUSIC_dataset/data/solo/audio/xylophone/dpnBlIZGyJA.mp3,../MUSIC_dataset/data/solo/frames/xylophone/dpnBlIZGyJA.mp4,302
../MUSIC_dataset/data/solo/audio/cello/MvkJvZSOmjY.mp3,../MUSIC_dataset/data/solo/frames/cello/MvkJvZSOmjY.mp4,365
../MUSIC_dataset/data/solo/audio/acoustic_guitar/44FPny8k4DM.mp3,../MUSIC_dataset/data/solo/frames/acoustic_guitar/44FPny8k4DM.mp4,1901
../MUSIC_dataset/data/solo/audio/saxophone/lDCeAgGUwyc.mp3,../MUSIC_dataset/data/solo/frames/saxophone/lDCeAgGUwyc.mp4,1529
../MUSIC_dataset/data/solo/audio/trumpet/ds0ayqYweAc.mp3,../MUSIC_dataset/data/solo/frames/trumpet/ds0ayqYweAc.mp4,264
../MUSIC_dataset/data/solo/audio/erhu/AOAE4euXbEc.mp3,../MUSIC_dataset/data/solo/frames/erhu/AOAE4euXbEc.mp4,1215
../MUSIC_dataset/data/solo/audio/acoustic_guitar/2CcXQsF06Xo.mp3,../MUSIC_dataset/data/solo/frames/acoustic_guitar/2CcXQsF06Xo.mp4,1221
../MUSIC_dataset/data/solo/audio/accordion/cp_0VICDDSc.mp3,../MUSIC_dataset/data/solo/frames/accordion/cp_0VICDDSc.mp4,1095
../MUSIC_dataset/data/solo/audio/accordion/7C-udYVfjoY.mp3,../MUSIC_dataset/data/solo/frames/accordion/7C-udYVfjoY.mp4,1038
../MUSIC_dataset/data/solo/audio/clarinet/WnUAJsk97k4.mp3,../MUSIC_dataset/data/solo/frames/clarinet/WnUAJsk97k4.mp4,1021
../MUSIC_dataset/data/solo/audio/cello/U2s_4d0ZLT8.mp3,../MUSIC_dataset/data/solo/frames/cello/U2s_4d0ZLT8.mp4,1481
../MUSIC_dataset/data/solo/audio/acoustic_guitar/KOt3oARDH9I.mp3,../MUSIC_dataset/data/solo/frames/acoustic_guitar/KOt3oARDH9I.mp4,1113
../MUSIC_dataset/data/solo/audio/xylophone/No-IJw4uWMw.mp3,../MUSIC_dataset/data/solo/frames/xylophone/No-IJw4uWMw.mp4,1488
../MUSIC_dataset/data/solo/audio/cello/B22eZY1PESY.mp3,../MUSIC_dataset/data/solo/frames/cello/B22eZY1PESY.mp4,1642
../MUSIC_dataset/data/solo/audio/clarinet/cZ9-NYYmhXw.mp3,../MUSIC_dataset/data/solo/frames/clarinet/cZ9-NYYmhXw.mp4,1437
../MUSIC_dataset/data/solo/audio/erhu/DLTK2_UyrDI.mp3,../MUSIC_dataset/data/solo/frames/erhu/DLTK2_UyrDI.mp4,673
../MUSIC_dataset/data/solo/audio/flute/BO7_8o4QSr4.mp3,../MUSIC_dataset/data/solo/frames/flute/BO7_8o4QSr4.mp4,307
../MUSIC_dataset/data/solo/audio/clarinet/GKwO7cy2JIA.mp3,../MUSIC_dataset/data/solo/frames/clarinet/GKwO7cy2JIA.mp4,1083
../MUSIC_dataset/data/solo/audio/cello/EvBzKBdfZxA.mp3,../MUSIC_dataset/data/solo/frames/cello/EvBzKBdfZxA.mp4,490
../MUSIC_dataset/data/solo/audio/acoustic_guitar/YwDABKyGY_g.mp3,../MUSIC_dataset/data/solo/frames/acoustic_guitar/YwDABKyGY_g.mp4,736
../MUSIC_dataset/data/solo/audio/clarinet/MqB8Ux4DsIM.mp3,../MUSIC_dataset/data/solo/frames/clarinet/MqB8Ux4DsIM.mp4,169
../MUSIC_dataset/data/solo/audio/accordion/YhwsPeOGnGg.mp3,../MUSIC_dataset/data/solo/frames/accordion/YhwsPeOGnGg.mp4,933
../MUSIC_dataset/data/solo/audio/accordion/Q-Jkk6mJ8AI.mp3,../MUSIC_dataset/data/solo/frames/accordion/Q-Jkk6mJ8AI.mp4,818
../MUSIC_dataset/data/solo/audio/trumpet/6G78knF3eFk.mp3,../MUSIC_dataset/data/solo/frames/trumpet/6G78knF3eFk.mp4,379
../MUSIC_dataset/data/solo/audio/erhu/GgZOTwwD39Y.mp3,../MUSIC_dataset/data/solo/frames/erhu/GgZOTwwD39Y.mp4,1850
../MUSIC_dataset/data/solo/audio/cello/SyToSKUxgKs.mp3,../MUSIC_dataset/data/solo/frames/cello/SyToSKUxgKs.mp4,1369
../MUSIC_dataset/data/solo/audio/acoustic_guitar/OBbmnUIJQDQ.mp3,../MUSIC_dataset/data/solo/frames/acoustic_guitar/OBbmnUIJQDQ.mp4,807
../MUSIC_dataset/data/solo/audio/accordion/4jGq3kfsJpg.mp3,../MUSIC_dataset/data/solo/frames/accordion/4jGq3kfsJpg.mp4,470
../MUSIC_dataset/data/solo/audio/erhu/1wrfS5PHbKE.mp3,../MUSIC_dataset/data/solo/frames/erhu/1wrfS5PHbKE.mp4,802
../MUSIC_dataset/data/solo/audio/accordion/-DlGdZNAsxA.mp3,../MUSIC_dataset/data/solo/frames/accordion/-DlGdZNAsxA.mp4,1529
../MUSIC_dataset/data/solo/audio/accordion/STtGADifdUw.mp3,../MUSIC_dataset/data/solo/frames/accordion/STtGADifdUw.mp4,691
../MUSIC_dataset/data/solo/audio/cello/97UEABGyyw8.mp3,../MUSIC_dataset/data/solo/frames/cello/97UEABGyyw8.mp4,1016
../MUSIC_dataset/data/solo/audio/cello/CSKOEhh5nBk.mp3,../MUSIC_dataset/data/solo/frames/cello/CSKOEhh5nBk.mp4,1416
../MUSIC_dataset/data/solo/audio/violin/2ZxAVUsuE4Y.mp3,../MUSIC_dataset/data/solo/frames/violin/2ZxAVUsuE4Y.mp4,751
../MUSIC_dataset/data/solo/audio/erhu/SVZNEDEIK48.mp3,../MUSIC_dataset/data/solo/frames/erhu/SVZNEDEIK48.mp4,591
../MUSIC_dataset/data/solo/audio/tuba/8YNdpTm2vsc.mp3,../MUSIC_dataset/data/solo/frames/tuba/8YNdpTm2vsc.mp4,1890
../MUSIC_dataset/data/solo/audio/acoustic_guitar/7SPnwtQkUb4.mp3,../MUSIC_dataset/data/solo/frames/acoustic_guitar/7SPnwtQkUb4.mp4,1829
../MUSIC_dataset/data/solo/audio/tuba/W9VsprvJQAM.mp3,../MUSIC_dataset/data/solo/frames/tuba/W9VsprvJQAM.mp4,829
../MUSIC_dataset/data/solo/audio/violin/vYr0vft28Tg.mp3,../MUSIC_dataset/data/solo/frames/violin/vYr0vft28Tg.mp4,1328
../MUSIC_dataset/data/solo/audio/cello/Lq3671NhNZk.mp3,../MUSIC_dataset/data/solo/frames/cello/Lq3671NhNZk.mp4,1256
../MUSIC_dataset/data/solo/audio/tuba/4CTkB84ukfY.mp3,../MUSIC_dataset/data/solo/frames/tuba/4CTkB84ukfY.mp4,324
../MUSIC_dataset/data/solo/audio/accordion/Ct-SQmiA31s.mp3,../MUSIC_dataset/data/solo/frames/accordion/Ct-SQmiA31s.mp4,166
../MUSIC_dataset/data/solo/audio/erhu/2D2ALfuqDpk.mp3,../MUSIC_dataset/data/solo/frames/erhu/2D2ALfuqDpk.mp4,682
../MUSIC_dataset/data/solo/audio/flute/hYepU4PQFAo.mp3,../MUSIC_dataset/data/solo/frames/flute/hYepU4PQFAo.mp4,459
../MUSIC_dataset/data/solo/audio/violin/QqKlMPzQj7k.mp3,../MUSIC_dataset/data/solo/frames/violin/QqKlMPzQj7k.mp4,798
../MUSIC_dataset/data/solo/audio/clarinet/cEhrpbRf-DY.mp3,../MUSIC_dataset/data/solo/frames/clarinet/cEhrpbRf-DY.mp4,608
../MUSIC_dataset/data/solo/audio/accordion/PMDSfAZ4-eo.mp3,../MUSIC_dataset/data/solo/frames/accordion/PMDSfAZ4-eo.mp4,1833
../MUSIC_dataset/data/solo/audio/violin/cMYr693e3Eo.mp3,../MUSIC_dataset/data/solo/frames/violin/cMYr693e3Eo.mp4,464
../MUSIC_dataset/data/solo/audio/xylophone/-0gYWIOfqdM.mp3,../MUSIC_dataset/data/solo/frames/xylophone/-0gYWIOfqdM.mp4,687
../MUSIC_dataset/data/solo/audio/erhu/AlYZ7nWkzcQ.mp3,../MUSIC_dataset/data/solo/frames/erhu/AlYZ7nWkzcQ.mp4,343
../MUSIC_dataset/data/solo/audio/accordion/UKk9DJD1jOo.mp3,../MUSIC_dataset/data/solo/frames/accordion/UKk9DJD1jOo.mp4,1179
../MUSIC_dataset/data/solo/audio/clarinet/LPqBkF5NVSQ.mp3,../MUSIC_dataset/data/solo/frames/clarinet/LPqBkF5NVSQ.mp4,1078
../MUSIC_dataset/data/solo/audio/flute/X8rR0SV_BhU.mp3,../MUSIC_dataset/data/solo/frames/flute/X8rR0SV_BhU.mp4,1213
../MUSIC_dataset/data/solo/audio/violin/WjwOm5pJlI0.mp3,../MUSIC_dataset/data/solo/frames/violin/WjwOm5pJlI0.mp4,810
../MUSIC_dataset/data/solo/audio/accordion/cFskXS823Kk.mp3,../MUSIC_dataset/data/solo/frames/accordion/cFskXS823Kk.mp4,1073
../MUSIC_dataset/data/solo/audio/violin/-5CDUnGu3jA.mp3,../MUSIC_dataset/data/solo/frames/violin/-5CDUnGu3jA.mp4,1657
../MUSIC_dataset/data/solo/audio/acoustic_guitar/XTKxjzg1xwM.mp3,../MUSIC_dataset/data/solo/frames/acoustic_guitar/XTKxjzg1xwM.mp4,1513
../MUSIC_dataset/data/solo/audio/acoustic_guitar/26HLgXWF-Co.mp3,../MUSIC_dataset/data/solo/frames/acoustic_guitar/26HLgXWF-Co.mp4,1263
../MUSIC_dataset/data/solo/audio/flute/B0xFpw9qvD4.mp3,../MUSIC_dataset/data/solo/frames/flute/B0xFpw9qvD4.mp4,656
../MUSIC_dataset/data/solo/audio/cello/QZEkGj9m1qs.mp3,../MUSIC_dataset/data/solo/frames/cello/QZEkGj9m1qs.mp4,773
../MUSIC_dataset/data/solo/audio/acoustic_guitar/5UZF3bGoZpM.mp3,../MUSIC_dataset/data/solo/frames/acoustic_guitar/5UZF3bGoZpM.mp4,1681
../MUSIC_dataset/data/solo/audio/flute/SAN5JBTnlas.mp3,../MUSIC_dataset/data/solo/frames/flute/SAN5JBTnlas.mp4,451
../MUSIC_dataset/data/solo/audio/cello/Mh2tJbJiWQQ.mp3,../MUSIC_dataset/data/solo/frames/cello/Mh2tJbJiWQQ.mp4,1471
../MUSIC_dataset/data/solo/audio/cello/9xj3e5A8XwE.mp3,../MUSIC_dataset/data/solo/frames/cello/9xj3e5A8XwE.mp4,831
../MUSIC_dataset/data/solo/audio/accordion/s1hBC8N4-Zo.mp3,../MUSIC_dataset/data/solo/frames/accordion/s1hBC8N4-Zo.mp4,1227
../MUSIC_dataset/data/solo/audio/acoustic_guitar/HPyM9xzrih0.mp3,../MUSIC_dataset/data/solo/frames/acoustic_guitar/HPyM9xzrih0.mp4,1088
../MUSIC_dataset/data/solo/audio/violin/-tY40Ev8IzE.mp3,../MUSIC_dataset/data/solo/frames/violin/-tY40Ev8IzE.mp4,1412
../MUSIC_dataset/data/solo/audio/cello/PCicM6i59_I.mp3,../MUSIC_dataset/data/solo/frames/cello/PCicM6i59_I.mp4,1323
../MUSIC_dataset/data/solo/audio/accordion/2WZsNZrbt6w.mp3,../MUSIC_dataset/data/solo/frames/accordion/2WZsNZrbt6w.mp4,1379
../MUSIC_dataset/data/solo/audio/clarinet/DS500VD8YDg.mp3,../MUSIC_dataset/data/solo/frames/clarinet/DS500VD8YDg.mp4,1649
../MUSIC_dataset/data/solo/audio/violin/ZgGEuzLZw2E.mp3,../MUSIC_dataset/data/solo/frames/violin/ZgGEuzLZw2E.mp4,775
../MUSIC_dataset/data/solo/audio/cello/VdFnyZWJAgo.mp3,../MUSIC_dataset/data/solo/frames/cello/VdFnyZWJAgo.mp4,1744
../MUSIC_dataset/data/solo/audio/cello/3N1KAaBJkwU.mp3,../MUSIC_dataset/data/solo/frames/cello/3N1KAaBJkwU.mp4,645
../MUSIC_dataset/data/solo/audio/violin/KG-tXicVpsg.mp3,../MUSIC_dataset/data/solo/frames/violin/KG-tXicVpsg.mp4,1336
../MUSIC_dataset/data/solo/audio/cello/PEyIPSlJNQM.mp3,../MUSIC_dataset/data/solo/frames/cello/PEyIPSlJNQM.mp4,1286
../MUSIC_dataset/data/solo/audio/trumpet/y-Y6QAUqSKg.mp3,../MUSIC_dataset/data/solo/frames/trumpet/y-Y6QAUqSKg.mp4,565
../MUSIC_dataset/data/solo/audio/trumpet/I2QXo4mGeRE.mp3,../MUSIC_dataset/data/solo/frames/trumpet/I2QXo4mGeRE.mp4,212
../MUSIC_dataset/data/solo/audio/cello/Rj5XJO5T8PY.mp3,../MUSIC_dataset/data/solo/frames/cello/Rj5XJO5T8PY.mp4,1043
../MUSIC_dataset/data/solo/audio/tuba/8EU0xM-pQOI.mp3,../MUSIC_dataset/data/solo/frames/tuba/8EU0xM-pQOI.mp4,312
../MUSIC_dataset/data/solo/audio/xylophone/6I846oP0E7Q.mp3,../MUSIC_dataset/data/solo/frames/xylophone/6I846oP0E7Q.mp4,1566
../MUSIC_dataset/data/solo/audio/xylophone/Jd5heRezP5s.mp3,../MUSIC_dataset/data/solo/frames/xylophone/Jd5heRezP5s.mp4,894
../MUSIC_dataset/data/solo/audio/erhu/ZMM_u1Bk0SI.mp3,../MUSIC_dataset/data/solo/frames/erhu/ZMM_u1Bk0SI.mp4,541
../MUSIC_dataset/data/solo/audio/xylophone/lVpWbUIW0gY.mp3,../MUSIC_dataset/data/solo/frames/xylophone/lVpWbUIW0gY.mp4,767
../MUSIC_dataset/data/solo/audio/tuba/ALMOnRonTPM.mp3,../MUSIC_dataset/data/solo/frames/tuba/ALMOnRonTPM.mp4,195
../MUSIC_dataset/data/solo/audio/trumpet/zJIt_KdE3Jc.mp3,../MUSIC_dataset/data/solo/frames/trumpet/zJIt_KdE3Jc.mp4,342
../MUSIC_dataset/data/solo/audio/acoustic_guitar/2lJh-6TYdX8.mp3,../MUSIC_dataset/data/solo/frames/acoustic_guitar/2lJh-6TYdX8.mp4,764
../MUSIC_dataset/data/solo/audio/acoustic_guitar/MJmVYLWPnCI.mp3,../MUSIC_dataset/data/solo/frames/acoustic_guitar/MJmVYLWPnCI.mp4,625
../MUSIC_dataset/data/solo/audio/erhu/TWrh_c9YRp8.mp3,../MUSIC_dataset/data/solo/frames/erhu/TWrh_c9YRp8.mp4,1122
../MUSIC_dataset/data/solo/audio/flute/XlPvAkLT3Yw.mp3,../MUSIC_dataset/data/solo/frames/flute/XlPvAkLT3Yw.mp4,1634
../MUSIC_dataset/data/solo/audio/accordion/c7Jyu_OiEB0.mp3,../MUSIC_dataset/data/solo/frames/accordion/c7Jyu_OiEB0.mp4,684
../MUSIC_dataset/data/solo/audio/accordion/6hQHOZNwfRs.mp3,../MUSIC_dataset/data/solo/frames/accordion/6hQHOZNwfRs.mp4,1304
../MUSIC_dataset/data/solo/audio/flute/uJnD0NCyJoc.mp3,../MUSIC_dataset/data/solo/frames/flute/uJnD0NCyJoc.mp4,1677
../MUSIC_dataset/data/solo/audio/flute/7Zudy1bw7bw.mp3,../MUSIC_dataset/data/solo/frames/flute/7Zudy1bw7bw.mp4,1520
../MUSIC_dataset/data/solo/audio/violin/ZFuLPm6-kVw.mp3,../MUSIC_dataset/data/solo/frames/violin/ZFuLPm6-kVw.mp4,290
../MUSIC_dataset/data/solo/audio/acoustic_guitar/TzbeCt4_LFc.mp3,../MUSIC_dataset/data/solo/frames/acoustic_guitar/TzbeCt4_LFc.mp4,1724
../MUSIC_dataset/data/solo/audio/trumpet/ENnSwgLc2B4.mp3,../MUSIC_dataset/data/solo/frames/trumpet/ENnSwgLc2B4.mp4,303
../MUSIC_dataset/data/solo/audio/tuba/-X4loU7hcpw.mp3,../MUSIC_dataset/data/solo/frames/tuba/-X4loU7hcpw.mp4,353
../MUSIC_dataset/data/solo/audio/accordion/QaOUijKCqZU.mp3,../MUSIC_dataset/data/solo/frames/accordion/QaOUijKCqZU.mp4,963
../MUSIC_dataset/data/solo/audio/trumpet/aCi1P8Rymo4.mp3,../MUSIC_dataset/data/solo/frames/trumpet/aCi1P8Rymo4.mp4,705
../MUSIC_dataset/data/solo/audio/acoustic_guitar/XdoR3Mw217M.mp3,../MUSIC_dataset/data/solo/frames/acoustic_guitar/XdoR3Mw217M.mp4,1695
../MUSIC_dataset/data/solo/audio/tuba/LUZf782HzNo.mp3,../MUSIC_dataset/data/solo/frames/tuba/LUZf782HzNo.mp4,1290
../MUSIC_dataset/data/solo/audio/clarinet/aZjtE82spMA.mp3,../MUSIC_dataset/data/solo/frames/clarinet/aZjtE82spMA.mp4,421
../MUSIC_dataset/data/solo/audio/acoustic_guitar/Y-dpHbPGQWE.mp3,../MUSIC_dataset/data/solo/frames/acoustic_guitar/Y-dpHbPGQWE.mp4,1871
../MUSIC_dataset/data/solo/audio/flute/cZoWhKTZTYY.mp3,../MUSIC_dataset/data/solo/frames/flute/cZoWhKTZTYY.mp4,470
../MUSIC_dataset/data/solo/audio/violin/VuDxLNdxl6I.mp3,../MUSIC_dataset/data/solo/frames/violin/VuDxLNdxl6I.mp4,1829
../MUSIC_dataset/data/solo/audio/flute/3-zT9mN8Lio.mp3,../MUSIC_dataset/data/solo/frames/flute/3-zT9mN8Lio.mp4,505
../MUSIC_dataset/data/solo/audio/xylophone/PF9PrzmkR2Q.mp3,../MUSIC_dataset/data/solo/frames/xylophone/PF9PrzmkR2Q.mp4,692
../MUSIC_dataset/data/solo/audio/violin/yXKJiqOuvkA.mp3,../MUSIC_dataset/data/solo/frames/violin/yXKJiqOuvkA.mp4,1128
../MUSIC_dataset/data/solo/audio/clarinet/_O1mTqCSo6E.mp3,../MUSIC_dataset/data/solo/frames/clarinet/_O1mTqCSo6E.mp4,932
../MUSIC_dataset/data/solo/audio/acoustic_guitar/Eaq914E77oY.mp3,../MUSIC_dataset/data/solo/frames/acoustic_guitar/Eaq914E77oY.mp4,1130
../MUSIC_dataset/data/solo/audio/erhu/-e5DuAUwBgA.mp3,../MUSIC_dataset/data/solo/frames/erhu/-e5DuAUwBgA.mp4,829
../MUSIC_dataset/data/solo/audio/xylophone/9fOU26yd0Pw.mp3,../MUSIC_dataset/data/solo/frames/xylophone/9fOU26yd0Pw.mp4,769
../MUSIC_dataset/data/solo/audio/tuba/KrlDeCWv9ak.mp3,../MUSIC_dataset/data/solo/frames/tuba/KrlDeCWv9ak.mp4,1458
../MUSIC_dataset/data/solo/audio/erhu/37HdHAzJrOQ.mp3,../MUSIC_dataset/data/solo/frames/erhu/37HdHAzJrOQ.mp4,1308
../MUSIC_dataset/data/solo/audio/saxophone/FR_1gEaBeeE.mp3,../MUSIC_dataset/data/solo/frames/saxophone/FR_1gEaBeeE.mp4,776
../MUSIC_dataset/data/solo/audio/erhu/0VyVd_QUCl8.mp3,../MUSIC_dataset/data/solo/frames/erhu/0VyVd_QUCl8.mp4,1160
../MUSIC_dataset/data/solo/audio/accordion/Dcp8AuzTG-w.mp3,../MUSIC_dataset/data/solo/frames/accordion/Dcp8AuzTG-w.mp4,1246
../MUSIC_dataset/data/solo/audio/saxophone/QOYMhOXfGMw.mp3,../MUSIC_dataset/data/solo/frames/saxophone/QOYMhOXfGMw.mp4,1505
../MUSIC_dataset/data/solo/audio/tuba/Aibr0BCz-Yk.mp3,../MUSIC_dataset/data/solo/frames/tuba/Aibr0BCz-Yk.mp4,1463
../MUSIC_dataset/data/solo/audio/flute/d5IO46KfjR4.mp3,../MUSIC_dataset/data/solo/frames/flute/d5IO46KfjR4.mp4,789
../MUSIC_dataset/data/solo/audio/erhu/BB6a5BPpbFs.mp3,../MUSIC_dataset/data/solo/frames/erhu/BB6a5BPpbFs.mp4,1421
../MUSIC_dataset/data/solo/audio/erhu/BBIENSA_GkE.mp3,../MUSIC_dataset/data/solo/frames/erhu/BBIENSA_GkE.mp4,469
../MUSIC_dataset/data/solo/audio/xylophone/GezwOJW568A.mp3,../MUSIC_dataset/data/solo/frames/xylophone/GezwOJW568A.mp4,244
../MUSIC_dataset/data/solo/audio/flute/Wt40rzyGSBs.mp3,../MUSIC_dataset/data/solo/frames/flute/Wt40rzyGSBs.mp4,875
../MUSIC_dataset/data/solo/audio/cello/5Eg6GNhszNE.mp3,../MUSIC_dataset/data/solo/frames/cello/5Eg6GNhszNE.mp4,943
../MUSIC_dataset/data/solo/audio/clarinet/82pGU0POQSM.mp3,../MUSIC_dataset/data/solo/frames/clarinet/82pGU0POQSM.mp4,726
../MUSIC_dataset/data/solo/audio/erhu/0oKi3ARn640.mp3,../MUSIC_dataset/data/solo/frames/erhu/0oKi3ARn640.mp4,1155
../MUSIC_dataset/data/solo/audio/tuba/Xm5a8vCHlFw.mp3,../MUSIC_dataset/data/solo/frames/tuba/Xm5a8vCHlFw.mp4,449
../MUSIC_dataset/data/solo/audio/flute/E7E1kMExVcg.mp3,../MUSIC_dataset/data/solo/frames/flute/E7E1kMExVcg.mp4,746
../MUSIC_dataset/data/solo/audio/acoustic_guitar/9ygrq7in_uI.mp3,../MUSIC_dataset/data/solo/frames/acoustic_guitar/9ygrq7in_uI.mp4,1649
../MUSIC_dataset/data/solo/audio/clarinet/iLeEWSC2M2U.mp3,../MUSIC_dataset/data/solo/frames/clarinet/iLeEWSC2M2U.mp4,461
../MUSIC_dataset/data/solo/audio/tuba/GPh_9jtWub8.mp3,../MUSIC_dataset/data/solo/frames/tuba/GPh_9jtWub8.mp4,568
../MUSIC_dataset/data/solo/audio/clarinet/0IRJ75zgcAY.mp3,../MUSIC_dataset/data/solo/frames/clarinet/0IRJ75zgcAY.mp4,1421
../MUSIC_dataset/data/solo/audio/acoustic_guitar/CeOAuSm1NUo.mp3,../MUSIC_dataset/data/solo/frames/acoustic_guitar/CeOAuSm1NUo.mp4,1490
../MUSIC_dataset/data/solo/audio/flute/f1a-JF06840.mp3,../MUSIC_dataset/data/solo/frames/flute/f1a-JF06840.mp4,1305
../MUSIC_dataset/data/solo/audio/trumpet/EwG7o3SS-r0.mp3,../MUSIC_dataset/data/solo/frames/trumpet/EwG7o3SS-r0.mp4,715
../MUSIC_dataset/data/solo/audio/violin/X2hHGcwLPhs.mp3,../MUSIC_dataset/data/solo/frames/violin/X2hHGcwLPhs.mp4,732
../MUSIC_dataset/data/solo/audio/saxophone/uPkGEtn5jxE.mp3,../MUSIC_dataset/data/solo/frames/saxophone/uPkGEtn5jxE.mp4,1494
../MUSIC_dataset/data/solo/audio/acoustic_guitar/8LU-kq19V3Y.mp3,../MUSIC_dataset/data/solo/frames/acoustic_guitar/8LU-kq19V3Y.mp4,743
../MUSIC_dataset/data/solo/audio/cello/-oe-KptPGnY.mp3,../MUSIC_dataset/data/solo/frames/cello/-oe-KptPGnY.mp4,730
../MUSIC_dataset/data/solo/audio/clarinet/X3GbAKww1KI.mp3,../MUSIC_dataset/data/solo/frames/clarinet/X3GbAKww1KI.mp4,537
../MUSIC_dataset/data/solo/audio/erhu/REiXxfSu3Fw.mp3,../MUSIC_dataset/data/solo/frames/erhu/REiXxfSu3Fw.mp4,1180
../MUSIC_dataset/data/solo/audio/erhu/3n-vlswrQYM.mp3,../MUSIC_dataset/data/solo/frames/erhu/3n-vlswrQYM.mp4,321
../MUSIC_dataset/data/solo/audio/xylophone/XmjMGVv3TLk.mp3,../MUSIC_dataset/data/solo/frames/xylophone/XmjMGVv3TLk.mp4,878
../MUSIC_dataset/data/solo/audio/accordion/kCMA0wi7i6Y.mp3,../MUSIC_dataset/data/solo/frames/accordion/kCMA0wi7i6Y.mp4,1061
../MUSIC_dataset/data/solo/audio/saxophone/P5pxcBdxa4E.mp3,../MUSIC_dataset/data/solo/frames/saxophone/P5pxcBdxa4E.mp4,281
../MUSIC_dataset/data/solo/audio/clarinet/RqPkcu-xidI.mp3,../MUSIC_dataset/data/solo/frames/clarinet/RqPkcu-xidI.mp4,1797
../MUSIC_dataset/data/solo/audio/cello/S86qStDAz3A.mp3,../MUSIC_dataset/data/solo/frames/cello/S86qStDAz3A.mp4,975
../MUSIC_dataset/data/solo/audio/violin/K1LRscO7TSw.mp3,../MUSIC_dataset/data/solo/frames/violin/K1LRscO7TSw.mp4,1563
../MUSIC_dataset/data/solo/audio/acoustic_guitar/X4UWEifacwI.mp3,../MUSIC_dataset/data/solo/frames/acoustic_guitar/X4UWEifacwI.mp4,1789
../MUSIC_dataset/data/solo/audio/erhu/P_dHPMofcwM.mp3,../MUSIC_dataset/data/solo/frames/erhu/P_dHPMofcwM.mp4,671
../MUSIC_dataset/data/solo/audio/cello/MUalqwUFrPs.mp3,../MUSIC_dataset/data/solo/frames/cello/MUalqwUFrPs.mp4,1738
../MUSIC_dataset/data/solo/audio/accordion/Oytzh19NE6w.mp3,../MUSIC_dataset/data/solo/frames/accordion/Oytzh19NE6w.mp4,1429
../MUSIC_dataset/data/solo/audio/xylophone/DGn7xcsxMPk.mp3,../MUSIC_dataset/data/solo/frames/xylophone/DGn7xcsxMPk.mp4,1031
../MUSIC_dataset/data/solo/audio/flute/cyUUlWSEujk.mp3,../MUSIC_dataset/data/solo/frames/flute/cyUUlWSEujk.mp4,320
../MUSIC_dataset/data/solo/audio/trumpet/Ba4ajAm0VDI.mp3,../MUSIC_dataset/data/solo/frames/trumpet/Ba4ajAm0VDI.mp4,571
../MUSIC_dataset/data/solo/audio/flute/QAiwlq3aP2U.mp3,../MUSIC_dataset/data/solo/frames/flute/QAiwlq3aP2U.mp4,1115
../MUSIC_dataset/data/solo/audio/xylophone/L_ErwglZCJM.mp3,../MUSIC_dataset/data/solo/frames/xylophone/L_ErwglZCJM.mp4,537
../MUSIC_dataset/data/solo/audio/accordion/ZoE25YHTGDQ.mp3,../MUSIC_dataset/data/solo/frames/accordion/ZoE25YHTGDQ.mp4,1020
../MUSIC_dataset/data/solo/audio/acoustic_guitar/1TBxNBIUx3o.mp3,../MUSIC_dataset/data/solo/frames/acoustic_guitar/1TBxNBIUx3o.mp4,991
../MUSIC_dataset/data/solo/audio/cello/NhkPpOvrtz0.mp3,../MUSIC_dataset/data/solo/frames/cello/NhkPpOvrtz0.mp4,1168
../MUSIC_dataset/data/solo/audio/violin/8mDNLCo1McQ.mp3,../MUSIC_dataset/data/solo/frames/violin/8mDNLCo1McQ.mp4,882
../MUSIC_dataset/data/solo/audio/acoustic_guitar/30BRN7-KOG4.mp3,../MUSIC_dataset/data/solo/frames/acoustic_guitar/30BRN7-KOG4.mp4,1757
../MUSIC_dataset/data/solo/audio/cello/I0LedcEaPL0.mp3,../MUSIC_dataset/data/solo/frames/cello/I0LedcEaPL0.mp4,1458
../MUSIC_dataset/data/solo/audio/acoustic_guitar/Czn6lg--pRw.mp3,../MUSIC_dataset/data/solo/frames/acoustic_guitar/Czn6lg--pRw.mp4,1587
../MUSIC_dataset/data/solo/audio/xylophone/ag7eC_pVobo.mp3,../MUSIC_dataset/data/solo/frames/xylophone/ag7eC_pVobo.mp4,1571
../MUSIC_dataset/data/solo/audio/flute/SMp2-xo1lZE.mp3,../MUSIC_dataset/data/solo/frames/flute/SMp2-xo1lZE.mp4,458
../MUSIC_dataset/data/solo/audio/erhu/MTyf4utLlJk.mp3,../MUSIC_dataset/data/solo/frames/erhu/MTyf4utLlJk.mp4,1703
../MUSIC_dataset/data/solo/audio/saxophone/tGG2P7mjuqQ.mp3,../MUSIC_dataset/data/solo/frames/saxophone/tGG2P7mjuqQ.mp4,405
../MUSIC_dataset/data/solo/audio/tuba/P_lSgczU2Sk.mp3,../MUSIC_dataset/data/solo/frames/tuba/P_lSgczU2Sk.mp4,356
../MUSIC_dataset/data/solo/audio/violin/9dOqmTMqp1k.mp3,../MUSIC_dataset/data/solo/frames/violin/9dOqmTMqp1k.mp4,785
../MUSIC_dataset/data/solo/audio/clarinet/GQGBzVaDTmM.mp3,../MUSIC_dataset/data/solo/frames/clarinet/GQGBzVaDTmM.mp4,689
../MUSIC_dataset/data/solo/audio/tuba/4AsWvRTLPWI.mp3,../MUSIC_dataset/data/solo/frames/tuba/4AsWvRTLPWI.mp4,298
../MUSIC_dataset/data/solo/audio/accordion/iB17xqmFw3A.mp3,../MUSIC_dataset/data/solo/frames/accordion/iB17xqmFw3A.mp4,1586
../MUSIC_dataset/data/solo/audio/saxophone/8U4tYnLtuzk.mp3,../MUSIC_dataset/data/solo/frames/saxophone/8U4tYnLtuzk.mp4,1314
../MUSIC_dataset/data/solo/audio/violin/-L5Bo-mWKCI.mp3,../MUSIC_dataset/data/solo/frames/violin/-L5Bo-mWKCI.mp4,384
../MUSIC_dataset/data/solo/audio/trumpet/eBoCeQtoFtM.mp3,../MUSIC_dataset/data/solo/frames/trumpet/eBoCeQtoFtM.mp4,573
../MUSIC_dataset/data/solo/audio/erhu/6d0tmb28kV4.mp3,../MUSIC_dataset/data/solo/frames/erhu/6d0tmb28kV4.mp4,454
../MUSIC_dataset/data/solo/audio/tuba/4lVuJEIaXgo.mp3,../MUSIC_dataset/data/solo/frames/tuba/4lVuJEIaXgo.mp4,488
../MUSIC_dataset/data/solo/audio/erhu/Lv2vc_8CZLc.mp3,../MUSIC_dataset/data/solo/frames/erhu/Lv2vc_8CZLc.mp4,1288
../MUSIC_dataset/data/solo/audio/violin/X2gQ8Jnk2P8.mp3,../MUSIC_dataset/data/solo/frames/violin/X2gQ8Jnk2P8.mp4,1051
../MUSIC_dataset/data/solo/audio/clarinet/0OrLdMPOyos.mp3,../MUSIC_dataset/data/solo/frames/clarinet/0OrLdMPOyos.mp4,451
../MUSIC_dataset/data/solo/audio/tuba/_idF1Hf3-CI.mp3,../MUSIC_dataset/data/solo/frames/tuba/_idF1Hf3-CI.mp4,1801
../MUSIC_dataset/data/solo/audio/tuba/SDR39fhyZRI.mp3,../MUSIC_dataset/data/solo/frames/tuba/SDR39fhyZRI.mp4,832
../MUSIC_dataset/data/solo/audio/erhu/-5MipMQ25cU.mp3,../MUSIC_dataset/data/solo/frames/erhu/-5MipMQ25cU.mp4,982
../MUSIC_dataset/data/solo/audio/violin/MfzC4e3nD4I.mp3,../MUSIC_dataset/data/solo/frames/violin/MfzC4e3nD4I.mp4,1393
../MUSIC_dataset/data/solo/audio/cello/2ARPm0djKIk.mp3,../MUSIC_dataset/data/solo/frames/cello/2ARPm0djKIk.mp4,1757
../MUSIC_dataset/data/solo/audio/flute/UD2SYltnnlY.mp3,../MUSIC_dataset/data/solo/frames/flute/UD2SYltnnlY.mp4,1664
../MUSIC_dataset/data/solo/audio/flute/BhXj3rVWGZ0.mp3,../MUSIC_dataset/data/solo/frames/flute/BhXj3rVWGZ0.mp4,1144
../MUSIC_dataset/data/solo/audio/acoustic_guitar/9SZLDvRaHEA.mp3,../MUSIC_dataset/data/solo/frames/acoustic_guitar/9SZLDvRaHEA.mp4,1035
../MUSIC_dataset/data/solo/audio/erhu/DlqCn_xrNRU.mp3,../MUSIC_dataset/data/solo/frames/erhu/DlqCn_xrNRU.mp4,794
../MUSIC_dataset/data/solo/audio/flute/jW_AuF6dQYY.mp3,../MUSIC_dataset/data/solo/frames/flute/jW_AuF6dQYY.mp4,558
../MUSIC_dataset/data/solo/audio/acoustic_guitar/PY3pK0Guf2Y.mp3,../MUSIC_dataset/data/solo/frames/acoustic_guitar/PY3pK0Guf2Y.mp4,604
../MUSIC_dataset/data/solo/audio/violin/6uqTP6obYNM.mp3,../MUSIC_dataset/data/solo/frames/violin/6uqTP6obYNM.mp4,450
../MUSIC_dataset/data/solo/audio/flute/wEzEcfz1QS0.mp3,../MUSIC_dataset/data/solo/frames/flute/wEzEcfz1QS0.mp4,1337
../MUSIC_dataset/data/solo/audio/accordion/2gyrqiqTuiM.mp3,../MUSIC_dataset/data/solo/frames/accordion/2gyrqiqTuiM.mp4,1671
../MUSIC_dataset/data/solo/audio/xylophone/Lp9rAMPaqLQ.mp3,../MUSIC_dataset/data/solo/frames/xylophone/Lp9rAMPaqLQ.mp4,1735
../MUSIC_dataset/data/solo/audio/accordion/9tiymgwLnKE.mp3,../MUSIC_dataset/data/solo/frames/accordion/9tiymgwLnKE.mp4,1111
../MUSIC_dataset/data/solo/audio/clarinet/23DDVbzSig8.mp3,../MUSIC_dataset/data/solo/frames/clarinet/23DDVbzSig8.mp4,521
../MUSIC_dataset/data/solo/audio/tuba/GSol2w0QnJE.mp3,../MUSIC_dataset/data/solo/frames/tuba/GSol2w0QnJE.mp4,462
../MUSIC_dataset/data/solo/audio/trumpet/TaII-y9-5Iw.mp3,../MUSIC_dataset/data/solo/frames/trumpet/TaII-y9-5Iw.mp4,789
../MUSIC_dataset/data/solo/audio/acoustic_guitar/PDohhCaNf98.mp3,../MUSIC_dataset/data/solo/frames/acoustic_guitar/PDohhCaNf98.mp4,1826
../MUSIC_dataset/data/solo/audio/tuba/2tG4y_uyEAY.mp3,../MUSIC_dataset/data/solo/frames/tuba/2tG4y_uyEAY.mp4,512
../MUSIC_dataset/data/solo/audio/trumpet/S1iKARDRvX4.mp3,../MUSIC_dataset/data/solo/frames/trumpet/S1iKARDRvX4.mp4,174
../MUSIC_dataset/data/solo/audio/tuba/G46O0IzYtt0.mp3,../MUSIC_dataset/data/solo/frames/tuba/G46O0IzYtt0.mp4,517
../MUSIC_dataset/data/solo/audio/accordion/1LnKd5cuqIc.mp3,../MUSIC_dataset/data/solo/frames/accordion/1LnKd5cuqIc.mp4,1243
../MUSIC_dataset/data/solo/audio/xylophone/Xx0Haa8Fk2o.mp3,../MUSIC_dataset/data/solo/frames/xylophone/Xx0Haa8Fk2o.mp4,1762
../MUSIC_dataset/data/solo/audio/xylophone/GF-3c8hBi9I.mp3,../MUSIC_dataset/data/solo/frames/xylophone/GF-3c8hBi9I.mp4,1537
../MUSIC_dataset/data/solo/audio/erhu/-SzFwDekTGo.mp3,../MUSIC_dataset/data/solo/frames/erhu/-SzFwDekTGo.mp4,1352
../MUSIC_dataset/data/solo/audio/acoustic_guitar/1XfdURNeY6s.mp3,../MUSIC_dataset/data/solo/frames/acoustic_guitar/1XfdURNeY6s.mp4,1651
../MUSIC_dataset/data/solo/audio/clarinet/5ESDEU04WSQ.mp3,../MUSIC_dataset/data/solo/frames/clarinet/5ESDEU04WSQ.mp4,1456
../MUSIC_dataset/data/solo/audio/trumpet/PYjwNew61XQ.mp3,../MUSIC_dataset/data/solo/frames/trumpet/PYjwNew61XQ.mp4,929
../MUSIC_dataset/data/solo/audio/trumpet/_AtTFfgZvEk.mp3,../MUSIC_dataset/data/solo/frames/trumpet/_AtTFfgZvEk.mp4,602
../MUSIC_dataset/data/solo/audio/acoustic_guitar/_IcBMTI8PEQ.mp3,../MUSIC_dataset/data/solo/frames/acoustic_guitar/_IcBMTI8PEQ.mp4,1460
../MUSIC_dataset/data/solo/audio/erhu/Vq0eH1uUvXc.mp3,../MUSIC_dataset/data/solo/frames/erhu/Vq0eH1uUvXc.mp4,1412
../MUSIC_dataset/data/solo/audio/violin/85KcVDCQLfc.mp3,../MUSIC_dataset/data/solo/frames/violin/85KcVDCQLfc.mp4,1278
../MUSIC_dataset/data/solo/audio/violin/-UoFXtE2eqk.mp3,../MUSIC_dataset/data/solo/frames/violin/-UoFXtE2eqk.mp4,1882
../MUSIC_dataset/data/solo/audio/acoustic_guitar/AszMf9QGxug.mp3,../MUSIC_dataset/data/solo/frames/acoustic_guitar/AszMf9QGxug.mp4,1663
../MUSIC_dataset/data/solo/audio/tuba/GV2bbRPFhvk.mp3,../MUSIC_dataset/data/solo/frames/tuba/GV2bbRPFhvk.mp4,328
../MUSIC_dataset/data/solo/audio/xylophone/VcEhFKOTF7A.mp3,../MUSIC_dataset/data/solo/frames/xylophone/VcEhFKOTF7A.mp4,456
../MUSIC_dataset/data/solo/audio/clarinet/iHQIK5JM3Xo.mp3,../MUSIC_dataset/data/solo/frames/clarinet/iHQIK5JM3Xo.mp4,887
../MUSIC_dataset/data/solo/audio/cello/QeravklOaAg.mp3,../MUSIC_dataset/data/solo/frames/cello/QeravklOaAg.mp4,1819
../MUSIC_dataset/data/solo/audio/flute/8o5ngxZaYYw.mp3,../MUSIC_dataset/data/solo/frames/flute/8o5ngxZaYYw.mp4,688
../MUSIC_dataset/data/solo/audio/trumpet/ufsSRKgUb6g.mp3,../MUSIC_dataset/data/solo/frames/trumpet/ufsSRKgUb6g.mp4,180
../MUSIC_dataset/data/solo/audio/clarinet/5HNlS9UFELE.mp3,../MUSIC_dataset/data/solo/frames/clarinet/5HNlS9UFELE.mp4,349
../MUSIC_dataset/data/solo/audio/flute/tAuYNf2hqHU.mp3,../MUSIC_dataset/data/solo/frames/flute/tAuYNf2hqHU.mp4,841
../MUSIC_dataset/data/solo/audio/tuba/73ikMuXwKgc.mp3,../MUSIC_dataset/data/solo/frames/tuba/73ikMuXwKgc.mp4,280
../MUSIC_dataset/data/solo/audio/accordion/1mCi6eWXVbg.mp3,../MUSIC_dataset/data/solo/frames/accordion/1mCi6eWXVbg.mp4,988
../MUSIC_dataset/data/solo/audio/accordion/ADxyFxpe1ls.mp3,../MUSIC_dataset/data/solo/frames/accordion/ADxyFxpe1ls.mp4,1730
../MUSIC_dataset/data/solo/audio/clarinet/aTYc-hHt4us.mp3,../MUSIC_dataset/data/solo/frames/clarinet/aTYc-hHt4us.mp4,827
../MUSIC_dataset/data/solo/audio/xylophone/JkhKTTB0YB8.mp3,../MUSIC_dataset/data/solo/frames/xylophone/JkhKTTB0YB8.mp4,273
../MUSIC_dataset/data/solo/audio/tuba/C3s60zFIPTs.mp3,../MUSIC_dataset/data/solo/frames/tuba/C3s60zFIPTs.mp4,1335
../MUSIC_dataset/data/solo/audio/erhu/HGqEtp1wpyc.mp3,../MUSIC_dataset/data/solo/frames/erhu/HGqEtp1wpyc.mp4,1096
../MUSIC_dataset/data/solo/audio/tuba/NDVxjRCWjYU.mp3,../MUSIC_dataset/data/solo/frames/tuba/NDVxjRCWjYU.mp4,1666
../MUSIC_dataset/data/solo/audio/trumpet/sPtLTnsCgMY.mp3,../MUSIC_dataset/data/solo/frames/trumpet/sPtLTnsCgMY.mp4,167
../MUSIC_dataset/data/solo/audio/flute/1fhZ3iBeK2g.mp3,../MUSIC_dataset/data/solo/frames/flute/1fhZ3iBeK2g.mp4,940
../MUSIC_dataset/data/solo/audio/xylophone/EHKq3-zwphs.mp3,../MUSIC_dataset/data/solo/frames/xylophone/EHKq3-zwphs.mp4,956
../MUSIC_dataset/data/solo/audio/xylophone/91MhpKVea30.mp3,../MUSIC_dataset/data/solo/frames/xylophone/91MhpKVea30.mp4,1827
../MUSIC_dataset/data/solo/audio/clarinet/U6iN9QcIp7I.mp3,../MUSIC_dataset/data/solo/frames/clarinet/U6iN9QcIp7I.mp4,659
../MUSIC_dataset/data/solo/audio/acoustic_guitar/DeQHA0xP2zk.mp3,../MUSIC_dataset/data/solo/frames/acoustic_guitar/DeQHA0xP2zk.mp4,1636
../MUSIC_dataset/data/solo/audio/accordion/q4kscRK91y4.mp3,../MUSIC_dataset/data/solo/frames/accordion/q4kscRK91y4.mp4,940
../MUSIC_dataset/data/solo/audio/tuba/LKMBOuDkEqo.mp3,../MUSIC_dataset/data/solo/frames/tuba/LKMBOuDkEqo.mp4,295
../MUSIC_dataset/data/solo/audio/flute/j0U_hqIH_XM.mp3,../MUSIC_dataset/data/solo/frames/flute/j0U_hqIH_XM.mp4,1176
../MUSIC_dataset/data/solo/audio/accordion/qMFYRw0uZ_E.mp3,../MUSIC_dataset/data/solo/frames/accordion/qMFYRw0uZ_E.mp4,1775
../MUSIC_dataset/data/solo/audio/flute/oEb2mlij38w.mp3,../MUSIC_dataset/data/solo/frames/flute/oEb2mlij38w.mp4,337
../MUSIC_dataset/data/solo/audio/accordion/qBnsIqyXheM.mp3,../MUSIC_dataset/data/solo/frames/accordion/qBnsIqyXheM.mp4,1687
../MUSIC_dataset/data/solo/audio/violin/VtZXRWtp5G0.mp3,../MUSIC_dataset/data/solo/frames/violin/VtZXRWtp5G0.mp4,516
../MUSIC_dataset/data/solo/audio/accordion/0N26WnKiCIg.mp3,../MUSIC_dataset/data/solo/frames/accordion/0N26WnKiCIg.mp4,1073
../MUSIC_dataset/data/solo/audio/xylophone/McMd-s4XpZk.mp3,../MUSIC_dataset/data/solo/frames/xylophone/McMd-s4XpZk.mp4,607
../MUSIC_dataset/data/solo/audio/tuba/HQveyGmUBSs.mp3,../MUSIC_dataset/data/solo/frames/tuba/HQveyGmUBSs.mp4,1107
../MUSIC_dataset/data/solo/audio/flute/LKVxvHeb8hs.mp3,../MUSIC_dataset/data/solo/frames/flute/LKVxvHeb8hs.mp4,768
../MUSIC_dataset/data/solo/audio/accordion/phwHB8nASOo.mp3,../MUSIC_dataset/data/solo/frames/accordion/phwHB8nASOo.mp4,717
../MUSIC_dataset/data/solo/audio/saxophone/xyi0Ft3sb0U.mp3,../MUSIC_dataset/data/solo/frames/saxophone/xyi0Ft3sb0U.mp4,481
../MUSIC_dataset/data/solo/audio/tuba/C952gmBlkIU.mp3,../MUSIC_dataset/data/solo/frames/tuba/C952gmBlkIU.mp4,1239
../MUSIC_dataset/data/solo/audio/cello/IlDWk-x6Cag.mp3,../MUSIC_dataset/data/solo/frames/cello/IlDWk-x6Cag.mp4,540
../MUSIC_dataset/data/solo/audio/clarinet/P5nnnybNQ_o.mp3,../MUSIC_dataset/data/solo/frames/clarinet/P5nnnybNQ_o.mp4,723
../MUSIC_dataset/data/solo/audio/xylophone/qLLwSb9YX5g.mp3,../MUSIC_dataset/data/solo/frames/xylophone/qLLwSb9YX5g.mp4,260
../MUSIC_dataset/data/solo/audio/tuba/VA1EolcDwZI.mp3,../MUSIC_dataset/data/solo/frames/tuba/VA1EolcDwZI.mp4,632
../MUSIC_dataset/data/solo/audio/accordion/MnoQccPJbyM.mp3,../MUSIC_dataset/data/solo/frames/accordion/MnoQccPJbyM.mp4,1943
../MUSIC_dataset/data/solo/audio/acoustic_guitar/M3dekVSwNjY.mp3,../MUSIC_dataset/data/solo/frames/acoustic_guitar/M3dekVSwNjY.mp4,1580
../MUSIC_dataset/data/solo/audio/trumpet/nZ4HNz9xvSw.mp3,../MUSIC_dataset/data/solo/frames/trumpet/nZ4HNz9xvSw.mp4,579
../MUSIC_dataset/data/solo/audio/cello/YmKMEpt9OjQ.mp3,../MUSIC_dataset/data/solo/frames/cello/YmKMEpt9OjQ.mp4,1670
../MUSIC_dataset/data/solo/audio/saxophone/R700Q9DEUEk.mp3,../MUSIC_dataset/data/solo/frames/saxophone/R700Q9DEUEk.mp4,723
../MUSIC_dataset/data/solo/audio/saxophone/5_NsbkyLO2Q.mp3,../MUSIC_dataset/data/solo/frames/saxophone/5_NsbkyLO2Q.mp4,1755
../MUSIC_dataset/data/solo/audio/erhu/Mdryqvk0UH0.mp3,../MUSIC_dataset/data/solo/frames/erhu/Mdryqvk0UH0.mp4,277
../MUSIC_dataset/data/solo/audio/saxophone/TSEWnnKagqQ.mp3,../MUSIC_dataset/data/solo/frames/saxophone/TSEWnnKagqQ.mp4,1002
../MUSIC_dataset/data/solo/audio/flute/3q104tR3k2Q.mp3,../MUSIC_dataset/data/solo/frames/flute/3q104tR3k2Q.mp4,961
../MUSIC_dataset/data/solo/audio/clarinet/2D5nT67CIRw.mp3,../MUSIC_dataset/data/solo/frames/clarinet/2D5nT67CIRw.mp4,896
../MUSIC_dataset/data/solo/audio/trumpet/nKc4srJBgYU.mp3,../MUSIC_dataset/data/solo/frames/trumpet/nKc4srJBgYU.mp4,369
../MUSIC_dataset/data/solo/audio/cello/_oUTOskOwXs.mp3,../MUSIC_dataset/data/solo/frames/cello/_oUTOskOwXs.mp4,772
../MUSIC_dataset/data/solo/audio/cello/XI7Fx7rJt4I.mp3,../MUSIC_dataset/data/solo/frames/cello/XI7Fx7rJt4I.mp4,489
../MUSIC_dataset/data/solo/audio/saxophone/OufpA4FV1Tc.mp3,../MUSIC_dataset/data/solo/frames/saxophone/OufpA4FV1Tc.mp4,1066
../MUSIC_dataset/data/solo/audio/trumpet/wEF6fWnx_wY.mp3,../MUSIC_dataset/data/solo/frames/trumpet/wEF6fWnx_wY.mp4,702
../MUSIC_dataset/data/solo/audio/cello/VYkZb7F4zKo.mp3,../MUSIC_dataset/data/solo/frames/cello/VYkZb7F4zKo.mp4,1354
../MUSIC_dataset/data/solo/audio/clarinet/JnAAzR4XZ-I.mp3,../MUSIC_dataset/data/solo/frames/clarinet/JnAAzR4XZ-I.mp4,356
../MUSIC_dataset/data/solo/audio/cello/EtP6JBWtd7s.mp3,../MUSIC_dataset/data/solo/frames/cello/EtP6JBWtd7s.mp4,1484
../MUSIC_dataset/data/solo/audio/accordion/t_3Zm1PbydA.mp3,../MUSIC_dataset/data/solo/frames/accordion/t_3Zm1PbydA.mp4,1873
../MUSIC_dataset/data/solo/audio/erhu/HwVslStJE6U.mp3,../MUSIC_dataset/data/solo/frames/erhu/HwVslStJE6U.mp4,314
../MUSIC_dataset/data/solo/audio/cello/D1DjJqqK5Rw.mp3,../MUSIC_dataset/data/solo/frames/cello/D1DjJqqK5Rw.mp4,1910
../MUSIC_dataset/data/solo/audio/saxophone/OxA5Z_5-w0E.mp3,../MUSIC_dataset/data/solo/frames/saxophone/OxA5Z_5-w0E.mp4,1429
../MUSIC_dataset/data/solo/audio/violin/rxr5tTH8_mM.mp3,../MUSIC_dataset/data/solo/frames/violin/rxr5tTH8_mM.mp4,1825
../MUSIC_dataset/data/solo/audio/clarinet/eIqVZuyPu2U.mp3,../MUSIC_dataset/data/solo/frames/clarinet/eIqVZuyPu2U.mp4,478
../MUSIC_dataset/data/solo/audio/erhu/-7l7M6vMm1k.mp3,../MUSIC_dataset/data/solo/frames/erhu/-7l7M6vMm1k.mp4,721
../MUSIC_dataset/data/solo/audio/accordion/CgCMBFcifVE.mp3,../MUSIC_dataset/data/solo/frames/accordion/CgCMBFcifVE.mp4,1464
../MUSIC_dataset/data/solo/audio/clarinet/TKN7q-aEwZw.mp3,../MUSIC_dataset/data/solo/frames/clarinet/TKN7q-aEwZw.mp4,1278
../MUSIC_dataset/data/solo/audio/tuba/BabDKZLYlyE.mp3,../MUSIC_dataset/data/solo/frames/tuba/BabDKZLYlyE.mp4,285
../MUSIC_dataset/data/solo/audio/accordion/Y5EwbTgIswk.mp3,../MUSIC_dataset/data/solo/frames/accordion/Y5EwbTgIswk.mp4,1620
../MUSIC_dataset/data/solo/audio/cello/_Nr58vTAIkw.mp3,../MUSIC_dataset/data/solo/frames/cello/_Nr58vTAIkw.mp4,1293
../MUSIC_dataset/data/solo/audio/accordion/vhVtX8F0-BY.mp3,../MUSIC_dataset/data/solo/frames/accordion/vhVtX8F0-BY.mp4,972
../MUSIC_dataset/data/solo/audio/xylophone/fhzqzm0dYuE.mp3,../MUSIC_dataset/data/solo/frames/xylophone/fhzqzm0dYuE.mp4,1258
../MUSIC_dataset/data/solo/audio/tuba/1owUN7YXSzE.mp3,../MUSIC_dataset/data/solo/frames/tuba/1owUN7YXSzE.mp4,683
../MUSIC_dataset/data/solo/audio/accordion/OIBq0bBziuw.mp3,../MUSIC_dataset/data/solo/frames/accordion/OIBq0bBziuw.mp4,1182
../MUSIC_dataset/data/solo/audio/xylophone/fhf2cx9t4vY.mp3,../MUSIC_dataset/data/solo/frames/xylophone/fhf2cx9t4vY.mp4,168
../MUSIC_dataset/data/solo/audio/cello/CjNKUiFHUC8.mp3,../MUSIC_dataset/data/solo/frames/cello/CjNKUiFHUC8.mp4,1751
../MUSIC_dataset/data/solo/audio/trumpet/g1sNdUDTfJQ.mp3,../MUSIC_dataset/data/solo/frames/trumpet/g1sNdUDTfJQ.mp4,553
../MUSIC_dataset/data/solo/audio/trumpet/aavW-tx8daw.mp3,../MUSIC_dataset/data/solo/frames/trumpet/aavW-tx8daw.mp4,705
../MUSIC_dataset/data/solo/audio/cello/TBngVoy_GrE.mp3,../MUSIC_dataset/data/solo/frames/cello/TBngVoy_GrE.mp4,878
../MUSIC_dataset/data/solo/audio/acoustic_guitar/MVZGmcXU2D8.mp3,../MUSIC_dataset/data/solo/frames/acoustic_guitar/MVZGmcXU2D8.mp4,1645
../MUSIC_dataset/data/solo/audio/cello/2R12lQszz90.mp3,../MUSIC_dataset/data/solo/frames/cello/2R12lQszz90.mp4,1176
../MUSIC_dataset/data/solo/audio/clarinet/IFEP8Z5Qos0.mp3,../MUSIC_dataset/data/solo/frames/clarinet/IFEP8Z5Qos0.mp4,210
../MUSIC_dataset/data/solo/audio/saxophone/NLGte2YC6Oc.mp3,../MUSIC_dataset/data/solo/frames/saxophone/NLGte2YC6Oc.mp4,1153
../MUSIC_dataset/data/solo/audio/violin/CaeZoHNHul0.mp3,../MUSIC_dataset/data/solo/frames/violin/CaeZoHNHul0.mp4,1395
../MUSIC_dataset/data/solo/audio/accordion/A2p8VW61RGc.mp3,../MUSIC_dataset/data/solo/frames/accordion/A2p8VW61RGc.mp4,721
../MUSIC_dataset/data/solo/audio/flute/unRA0xR-XWc.mp3,../MUSIC_dataset/data/solo/frames/flute/unRA0xR-XWc.mp4,745
../MUSIC_dataset/data/solo/audio/flute/tfcNUo8qjrA.mp3,../MUSIC_dataset/data/solo/frames/flute/tfcNUo8qjrA.mp4,1029
../MUSIC_dataset/data/solo/audio/accordion/KC2RgtW4IZ0.mp3,../MUSIC_dataset/data/solo/frames/accordion/KC2RgtW4IZ0.mp4,567
../MUSIC_dataset/data/solo/audio/cello/I--nizkVQzE.mp3,../MUSIC_dataset/data/solo/frames/cello/I--nizkVQzE.mp4,811
../MUSIC_dataset/data/solo/audio/trumpet/2gk-IN35s5I.mp3,../MUSIC_dataset/data/solo/frames/trumpet/2gk-IN35s5I.mp4,816
../MUSIC_dataset/data/solo/audio/acoustic_guitar/ZeQPNWdFs_4.mp3,../MUSIC_dataset/data/solo/frames/acoustic_guitar/ZeQPNWdFs_4.mp4,1684
../MUSIC_dataset/data/solo/audio/flute/sybsjsj1zPo.mp3,../MUSIC_dataset/data/solo/frames/flute/sybsjsj1zPo.mp4,1703
../MUSIC_dataset/data/solo/audio/trumpet/UFNc_74au6A.mp3,../MUSIC_dataset/data/solo/frames/trumpet/UFNc_74au6A.mp4,546
../MUSIC_dataset/data/solo/audio/erhu/31GOxPXDNkk.mp3,../MUSIC_dataset/data/solo/frames/erhu/31GOxPXDNkk.mp4,746
../MUSIC_dataset/data/solo/audio/acoustic_guitar/ZvLT_J9Uv4o.mp3,../MUSIC_dataset/data/solo/frames/acoustic_guitar/ZvLT_J9Uv4o.mp4,523
../MUSIC_dataset/data/solo/audio/cello/XS_dSmZ0xbw.mp3,../MUSIC_dataset/data/solo/frames/cello/XS_dSmZ0xbw.mp4,1872
../MUSIC_dataset/data/solo/audio/flute/cTO_2R81fdY.mp3,../MUSIC_dataset/data/solo/frames/flute/cTO_2R81fdY.mp4,712
../MUSIC_dataset/data/solo/audio/accordion/bq5utI8KK_8.mp3,../MUSIC_dataset/data/solo/frames/accordion/bq5utI8KK_8.mp4,866
../MUSIC_dataset/data/solo/audio/cello/IcV9yqQOqkw.mp3,../MUSIC_dataset/data/solo/frames/cello/IcV9yqQOqkw.mp4,840
../MUSIC_dataset/data/solo/audio/accordion/fful4o8CIW8.mp3,../MUSIC_dataset/data/solo/frames/accordion/fful4o8CIW8.mp4,741
../MUSIC_dataset/data/solo/audio/violin/10RkjPIguAY.mp3,../MUSIC_dataset/data/solo/frames/violin/10RkjPIguAY.mp4,1125
../MUSIC_dataset/data/solo/audio/erhu/MJgy2-QJxmE.mp3,../MUSIC_dataset/data/solo/frames/erhu/MJgy2-QJxmE.mp4,355
../MUSIC_dataset/data/solo/audio/trumpet/8jxZMGYbQIw.mp3,../MUSIC_dataset/data/solo/frames/trumpet/8jxZMGYbQIw.mp4,618
../MUSIC_dataset/data/solo/audio/trumpet/U2NMdF5yzdE.mp3,../MUSIC_dataset/data/solo/frames/trumpet/U2NMdF5yzdE.mp4,468
../MUSIC_dataset/data/solo/audio/erhu/8rb-thew50c.mp3,../MUSIC_dataset/data/solo/frames/erhu/8rb-thew50c.mp4,638
../MUSIC_dataset/data/solo/audio/violin/HyD1g1KDoEE.mp3,../MUSIC_dataset/data/solo/frames/violin/HyD1g1KDoEE.mp4,1759
../MUSIC_dataset/data/solo/audio/acoustic_guitar/8YELO9yxs_c.mp3,../MUSIC_dataset/data/solo/frames/acoustic_guitar/8YELO9yxs_c.mp4,1518
../MUSIC_dataset/data/solo/audio/cello/-3V-vUMkHqk.mp3,../MUSIC_dataset/data/solo/frames/cello/-3V-vUMkHqk.mp4,170
../MUSIC_dataset/data/solo/audio/violin/XlvlHfWjKx4.mp3,../MUSIC_dataset/data/solo/frames/violin/XlvlHfWjKx4.mp4,1342
../MUSIC_dataset/data/solo/audio/xylophone/loCRmBvtHZ4.mp3,../MUSIC_dataset/data/solo/frames/xylophone/loCRmBvtHZ4.mp4,1181
../MUSIC_dataset/data/solo/audio/erhu/EJ-dXyKrSKA.mp3,../MUSIC_dataset/data/solo/frames/erhu/EJ-dXyKrSKA.mp4,1232
../MUSIC_dataset/data/solo/audio/silent/video_001.mp3,../MUSIC_dataset/data/solo/frames/silent/video_001.mp4, 200
../MUSIC_dataset/data/solo/audio/silent/video_002.mp3,../MUSIC_dataset/data/solo/frames/silent/video_002.mp4, 200
../MUSIC_dataset/data/solo/audio/silent/video_003.mp3,../MUSIC_dataset/data/solo/frames/silent/video_003.mp4, 200
../MUSIC_dataset/data/solo/audio/silent/video_004.mp3,../MUSIC_dataset/data/solo/frames/silent/video_004.mp4, 200
../MUSIC_dataset/data/solo/audio/silent/video_005.mp3,../MUSIC_dataset/data/solo/frames/silent/video_005.mp4, 200
../MUSIC_dataset/data/solo/audio/silent/video_006.mp3,../MUSIC_dataset/data/solo/frames/silent/video_006.mp4, 200
../MUSIC_dataset/data/solo/audio/silent/video_007.mp3,../MUSIC_dataset/data/solo/frames/silent/video_007.mp4, 200
../MUSIC_dataset/data/solo/audio/silent/video_008.mp3,../MUSIC_dataset/data/solo/frames/silent/video_008.mp4, 200
../MUSIC_dataset/data/solo/audio/silent/video_009.mp3,../MUSIC_dataset/data/solo/frames/silent/video_009.mp4, 200
../MUSIC_dataset/data/solo/audio/silent/video_010.mp3,../MUSIC_dataset/data/solo/frames/silent/video_010.mp4, 200
../MUSIC_dataset/data/solo/audio/silent/video_011.mp3,../MUSIC_dataset/data/solo/frames/silent/video_011.mp4, 200
../MUSIC_dataset/data/solo/audio/silent/video_012.mp3,../MUSIC_dataset/data/solo/frames/silent/video_012.mp4, 200
../MUSIC_dataset/data/solo/audio/silent/video_013.mp3,../MUSIC_dataset/data/solo/frames/silent/video_013.mp4, 200
../MUSIC_dataset/data/solo/audio/silent/video_014.mp3,../MUSIC_dataset/data/solo/frames/silent/video_014.mp4, 200
../MUSIC_dataset/data/solo/audio/silent/video_015.mp3,../MUSIC_dataset/data/solo/frames/silent/video_015.mp4, 200
../MUSIC_dataset/data/solo/audio/silent/video_016.mp3,../MUSIC_dataset/data/solo/frames/silent/video_016.mp4, 200
../MUSIC_dataset/data/solo/audio/silent/video_017.mp3,../MUSIC_dataset/data/solo/frames/silent/video_017.mp4, 200
../MUSIC_dataset/data/solo/audio/silent/video_018.mp3,../MUSIC_dataset/data/solo/frames/silent/video_018.mp4, 200
../MUSIC_dataset/data/solo/audio/silent/video_019.mp3,../MUSIC_dataset/data/solo/frames/silent/video_019.mp4, 200
../MUSIC_dataset/data/solo/audio/silent/video_020.mp3,../MUSIC_dataset/data/solo/frames/silent/video_020.mp4, 200
../MUSIC_dataset/data/solo/audio/silent/video_021.mp3,../MUSIC_dataset/data/solo/frames/silent/video_021.mp4, 200
../MUSIC_dataset/data/solo/audio/silent/video_022.mp3,../MUSIC_dataset/data/solo/frames/silent/video_022.mp4, 200
../MUSIC_dataset/data/solo/audio/silent/video_023.mp3,../MUSIC_dataset/data/solo/frames/silent/video_023.mp4, 200
../MUSIC_dataset/data/solo/audio/silent/video_024.mp3,../MUSIC_dataset/data/solo/frames/silent/video_024.mp4, 200
../MUSIC_dataset/data/solo/audio/silent/video_025.mp3,../MUSIC_dataset/data/solo/frames/silent/video_025.mp4, 200
../MUSIC_dataset/data/solo/audio/silent/video_026.mp3,../MUSIC_dataset/data/solo/frames/silent/video_026.mp4, 200
../MUSIC_dataset/data/solo/audio/silent/video_027.mp3,../MUSIC_dataset/data/solo/frames/silent/video_027.mp4, 200
../MUSIC_dataset/data/solo/audio/silent/video_028.mp3,../MUSIC_dataset/data/solo/frames/silent/video_028.mp4, 200
../MUSIC_dataset/data/solo/audio/silent/video_029.mp3,../MUSIC_dataset/data/solo/frames/silent/video_029.mp4, 200
../MUSIC_dataset/data/solo/audio/silent/video_030.mp3,../MUSIC_dataset/data/solo/frames/silent/video_030.mp4, 200
../MUSIC_dataset/data/solo/audio/silent/video_031.mp3,../MUSIC_dataset/data/solo/frames/silent/video_031.mp4, 200
../MUSIC_dataset/data/solo/audio/silent/video_032.mp3,../MUSIC_dataset/data/solo/frames/silent/video_032.mp4, 200
../MUSIC_dataset/data/solo/audio/silent/video_033.mp3,../MUSIC_dataset/data/solo/frames/silent/video_033.mp4, 200
../MUSIC_dataset/data/solo/audio/silent/video_034.mp3,../MUSIC_dataset/data/solo/frames/silent/video_034.mp4, 200
../MUSIC_dataset/data/solo/audio/silent/video_035.mp3,../MUSIC_dataset/data/solo/frames/silent/video_035.mp4, 200
../MUSIC_dataset/data/solo/audio/silent/video_036.mp3,../MUSIC_dataset/data/solo/frames/silent/video_036.mp4, 200
../MUSIC_dataset/data/solo/audio/silent/video_037.mp3,../MUSIC_dataset/data/solo/frames/silent/video_037.mp4, 200
../MUSIC_dataset/data/solo/audio/silent/video_038.mp3,../MUSIC_dataset/data/solo/frames/silent/video_038.mp4, 200
../MUSIC_dataset/data/solo/audio/silent/video_039.mp3,../MUSIC_dataset/data/solo/frames/silent/video_039.mp4, 200
../MUSIC_dataset/data/solo/audio/silent/video_040.mp3,../MUSIC_dataset/data/solo/frames/silent/video_040.mp4, 200
../MUSIC_dataset/data/solo/audio/silent/video_041.mp3,../MUSIC_dataset/data/solo/frames/silent/video_041.mp4, 200
../MUSIC_dataset/data/solo/audio/silent/video_042.mp3,../MUSIC_dataset/data/solo/frames/silent/video_042.mp4, 200
../MUSIC_dataset/data/solo/audio/silent/video_043.mp3,../MUSIC_dataset/data/solo/frames/silent/video_043.mp4, 200
../MUSIC_dataset/data/solo/audio/silent/video_044.mp3,../MUSIC_dataset/data/solo/frames/silent/video_044.mp4, 200
../MUSIC_dataset/data/solo/audio/silent/video_045.mp3,../MUSIC_dataset/data/solo/frames/silent/video_045.mp4, 200
../MUSIC_dataset/data/solo/audio/silent/video_046.mp3,../MUSIC_dataset/data/solo/frames/silent/video_046.mp4, 200
../MUSIC_dataset/data/solo/audio/silent/video_047.mp3,../MUSIC_dataset/data/solo/frames/silent/video_047.mp4, 200
../MUSIC_dataset/data/solo/audio/silent/video_048.mp3,../MUSIC_dataset/data/solo/frames/silent/video_048.mp4, 200
../MUSIC_dataset/data/solo/audio/silent/video_049.mp3,../MUSIC_dataset/data/solo/frames/silent/video_049.mp4, 200
../MUSIC_dataset/data/solo/audio/silent/video_050.mp3,../MUSIC_dataset/data/solo/frames/silent/video_050.mp4, 200